INSERT INTO public.course (id,code,name,created_at) VALUES (1, 'FLOR101', 'จัดดอกไม้เพื่ออาชีพ', DEFAULT), (2, 'BVRG101', 'เครื่องดื่มและเครื่องดื่มเพื่อสุขภาพ', DEFAULT), (3, 'BAKE101', 'ขนมอบ', DEFAULT), (4, 'THAI101', 'อาหารไทย ห้อง 1', DEFAULT), (5, 'BEAU101', 'แต่งหน้า-เกล้าผม-แต่งเล็บ', DEFAULT), (6, 'FLOR102', 'ศิลปะการจัดดอกไม้ FLORISTRY', DEFAULT), (7, 'BARI101', 'บาริสต้าเบื้องต้น', DEFAULT), (8, 'PET101', 'การตัดแต่งขนสุนัข', DEFAULT), (9, 'INTL101', 'อาหารนานาชาติ', DEFAULT), (10, 'DESS101', 'ขนมไทย', DEFAULT), (11, 'WEB101', 'อินเตอร์เน็ตและการสร้างเว็บไซต์', DEFAULT), (12, 'CGAN101', 'คอมพิวเตอร์กราฟิกและแอนิเมชั่น', DEFAULT), (13, 'MOBI101', 'การใช้งานโมบายเทคโนโลยี', DEFAULT), (14, 'ENG101', 'ภาษาอังกฤษในชีวิตประจำวัน', DEFAULT), (15, 'KOR101', 'ภาษาเกาหลีในงานธุรกิจบริการ', DEFAULT), (16, 'CHIN101', 'ภาษาจีนเพื่อการสื่อสารในชีวิตประจำวัน', DEFAULT), (17, 'ECOM101', 'อินเตอร์เน็ตสำหรับงานอีคอมเมิร์ช', DEFAULT), (18, 'ENG102', 'ภาษาอังกฤษในงานธุรกิจบริการ', DEFAULT), (19, 'KOR102', 'ภาษาเกาหลีเพื่อการสื่อสาร', DEFAULT), (20, 'CHIN102', 'ภาษาจีนเพื่อการสื่อสารในงานอาชีพ', DEFAULT);
SELECT setval('"public"."course_id_seq"'::regclass, (SELECT MAX("id") FROM "public"."course"));
INSERT INTO public.student (id,first_name,last_name,gender,created_at,gov_id) VALUES (1, 'พรปิยา', 'วัชโรทัย', 'F', DEFAULT, '12256894639'), (2, 'เพชรี', 'เกตุสีสุก', 'F', DEFAULT, '87076265291'), (3, 'วิชยานนท์', 'เกตุสีสุก', 'M', DEFAULT, '76556747191'), (4, 'สหัสวรรษ', 'แซ่อึ๊ง', 'M', DEFAULT, '53563465945'), (5, 'เกียรติดำรงค์', 'เกตุพิมาย', 'M', DEFAULT, '13116888500'), (6, 'นุชนาฏ', 'แขกระโทก', 'M', DEFAULT, '14381468921'), (7, 'กฤศณา', 'เกิดพิมาย', 'F', DEFAULT, '62911959836'), (8, 'พงษ์นเรศ', 'ณ บางช้าง', 'F', DEFAULT, '34182116179'), (9, 'ภูมิสิน', 'กีรติวัฒนานุศาสน์', 'M', DEFAULT, '29197698899'), (10, 'เเพรวนภา', 'แซ่ตั้ง', 'M', DEFAULT, '11366421913'), (11, 'มลธิญา', 'แซ่หลิน', 'F', DEFAULT, '60670104842'), (12, 'ภูมิสิน', 'แซ่อึ๊ง', 'F', DEFAULT, '96559457878'), (13, 'ชัชชวาลย์', 'วงศ์ค้างพลู', 'M', DEFAULT, '70350645009'), (14, 'ภิญญดา', 'จันทรโชติ', 'M', DEFAULT, '49492421767'), (15, 'จิตต์นิภา', 'เกตุนอก', 'F', DEFAULT, '31651568641'), (16, 'ปริญสิรา', 'มณีนอก', 'F', DEFAULT, '74419948554'), (17, 'รอมือลี', 'เทิบนอก', 'M', DEFAULT, '33936360053'), (18, 'สิริรดา', 'สืบกระพันธ์', 'F', DEFAULT, '10469509610'), (19, 'ธนัตถ์', 'พลจรัส', 'M', DEFAULT, '20417329807'), (20, 'ชนาธิป', 'มณีพิมาย-อมาตยกุล', 'M', DEFAULT, '76198766156'), (21, 'ณัฐวดี', 'แขจันทึก', 'F', DEFAULT, '06761045828'), (22, 'ต่วนนูรียะห์', 'หิรัญ', 'M', DEFAULT, '78485802720'), (23, 'กฤษฎาวรรณ', 'แซ่ลิ้ม', 'M', DEFAULT, '92701370035'), (24, 'พิมพ์พรรณ', 'เกตุกระโทก', 'M', DEFAULT, '00950824587'), (25, 'พิมลนาฎ', 'เพื่อนรักษ์', 'M', DEFAULT, '22661608704'), (26, 'อภิชาติ', 'เทิบค้างพลู', 'F', DEFAULT, '07669682586'), (27, 'อิบนิลอายาด', 'แซ่หวง', 'F', DEFAULT, '89462185013'), (28, 'จริญญา', 'โรจนกุล', 'M', DEFAULT, '84086323664'), (29, 'ไพฑูร', 'เกิดสีสุก', 'F', DEFAULT, '73450672893'), (30, 'โพสิฐ์', 'เกิดนอก', 'M', DEFAULT, '46531169322'), (31, 'สุระพง', 'วงศ์กระโทก', 'F', DEFAULT, '62177962759'), (32, 'กันยารัตน์', 'วงศ์นอก', 'M', DEFAULT, '82826864852'), (33, 'ปณต', 'เพื่อนรักษ์', 'M', DEFAULT, '05791100585'), (34, 'พีรวิชญ์', 'วงศ์ค้างพลู', 'M', DEFAULT, '23022774663'), (35, 'โกมุท', 'หนอกกระโทก-วงศ์พิมาย', 'M', DEFAULT, '67587959073'), (36, 'รัชฏาพร', 'แขค้างพลู', 'M', DEFAULT, '70013760707'), (37, 'จิรสุดา', 'อินทโชติ', 'F', DEFAULT, '13183277650'), (38, 'ยูซนีย์', 'สมตระกูล', 'M', DEFAULT, '55264548053'), (39, 'ศศิพิไล', 'วงศ์จันทึก', 'F', DEFAULT, '92586448774'), (40, 'สหัสวรรษ', 'สมศักดิ์', 'F', DEFAULT, '80378063335'), (41, 'จริญญา', 'วงศา', 'F', DEFAULT, '64737685096'), (42, 'ฐานทัต', 'เกิดนอก', 'F', DEFAULT, '43896122919'), (43, 'สุชารัตน์', 'สืบกระพันธ์', 'F', DEFAULT, '17544281359'), (44, 'ขวัญเรือน', 'มณีนอก', 'M', DEFAULT, '14155095975'), (45, 'มัญชุพร', 'มณีพิมาย', 'F', DEFAULT, '08805850137'), (46, 'สุชารัตน์', 'บางพิมาย', 'F', DEFAULT, '20317529852'), (47, 'รณกฤต', 'ณ ป้อมเพชร', 'F', DEFAULT, '24089641121'), (48, 'ทนุชูพงษ์', 'งามกระโทก', 'M', DEFAULT, '07342462782'), (49, 'พิทักษ์', 'เกตุค้างพลู', 'F', DEFAULT, '69647912527'), (999, 'พิเศษ', 'นักเรียน', 'M', DEFAULT, '12345678901');
SELECT setval('"public"."student_id_seq"'::regclass, (SELECT MAX("id") FROM "public"."student"));
INSERT INTO public.academic_year (id,year_label,start_date,end_date) VALUES (1, '2024', '2024-01-01', '2024-12-31'), (2, '2025', '2025-01-01', '2025-12-31');
SELECT setval('"public"."academic_year_id_seq"'::regclass, (SELECT MAX("id") FROM "public"."academic_year"));
INSERT INTO public.term (id,academic_year_id,term_name,registration_open,registration_close) VALUES (1, NULL, 'Stabil vero genus multavition iliarum magnostrum.', '2020-06-06', '2020-11-19'), (2, NULL, 'Si studio necesse omnem quod sapienum sint antur, esse malisse a esse ut est.', '2020-03-07', '2020-01-01'), (3, NULL, 'Voluptatem declinare ut peccant grate, odia ad vim venias non praeterandis epicitav.', '2020-06-02', '2020-05-13'), (4, NULL, 'Inferenim voluptates romano et non.', '2020-03-19', '2020-02-02');
UPDATE public.term SET academic_year_id = 1 WHERE id = 1;
UPDATE public.term SET academic_year_id = 1 WHERE id = 2;
UPDATE public.term SET academic_year_id = 2 WHERE id = 3;
UPDATE public.term SET academic_year_id = 2 WHERE id = 4;
SELECT setval('"public"."term_id_seq"'::regclass, (SELECT MAX("id") FROM "public"."term"));
INSERT INTO public.course_offering (id,course_id,term_id) VALUES (1, 2, 1), (2, 14, 1), (3, 7, 1), (4, 4, 1), (5, 8, 1), (6, 13, 2), (7, 3, 2), (8, 17, 2), (9, 7, 2), (10, 2, 2), (11, 14, 3), (12, 2, 3), (13, 5, 3), (14, 3, 3), (15, 18, 3);
SELECT setval('"public"."course_offering_id_seq"'::regclass, (SELECT MAX("id") FROM "public"."course_offering"));
INSERT INTO public.enrollment (id,student_id,course_id,enrollment_date) VALUES (1, 35, 2, DEFAULT), (2, 20, 2, DEFAULT), (3, 42, 2, DEFAULT), (4, 16, 2, DEFAULT), (5, 28, 2, DEFAULT), (6, 37, 2, DEFAULT), (7, 41, 2, DEFAULT), (8, 33, 2, DEFAULT), (9, 45, 2, DEFAULT), (10, 46, 2, DEFAULT), (11, 31, 2, DEFAULT), (12, 41, 2, DEFAULT), (13, 40, 2, DEFAULT), (14, 38, 2, DEFAULT), (15, 47, 14, DEFAULT), (16, 47, 14, DEFAULT), (17, 10, 14, DEFAULT), (18, 37, 14, DEFAULT), (19, 3, 14, DEFAULT), (20, 12, 14, DEFAULT), (21, 30, 14, DEFAULT), (22, 29, 14, DEFAULT), (23, 34, 14, DEFAULT), (24, 29, 14, DEFAULT), (25, 21, 14, DEFAULT), (26, 44, 14, DEFAULT), (27, 29, 14, DEFAULT), (28, 4, 14, DEFAULT), (29, 35, 14, DEFAULT), (30, 44, 14, DEFAULT), (31, 9, 14, DEFAULT), (32, 13, 14, DEFAULT), (33, 26, 14, DEFAULT), (34, 30, 14, DEFAULT), (35, 16, 14, DEFAULT), (36, 31, 14, DEFAULT), (37, 21, 14, DEFAULT), (38, 28, 14, DEFAULT), (39, 27, 14, DEFAULT), (40, 3, 14, DEFAULT), (41, 10, 14, DEFAULT), (42, 3, 14, DEFAULT), (43, 48, 14, DEFAULT), (44, 12, 14, DEFAULT), (45, 22, 14, DEFAULT), (46, 39, 7, DEFAULT), (47, 21, 7, DEFAULT), (48, 48, 7, DEFAULT), (49, 28, 7, DEFAULT), (50, 31, 7, DEFAULT), (51, 28, 7, DEFAULT), (52, 24, 7, DEFAULT), (53, 19, 7, DEFAULT), (54, 38, 7, DEFAULT), (55, 14, 7, DEFAULT), (56, 27, 4, DEFAULT), (57, 22, 4, DEFAULT), (58, 39, 4, DEFAULT), (59, 3, 4, DEFAULT), (60, 45, 4, DEFAULT), (61, 37, 8, DEFAULT), (62, 28, 8, DEFAULT), (63, 5, 8, DEFAULT), (64, 999, 8, DEFAULT), (65, 11, 8, DEFAULT), (66, 43, 8, DEFAULT), (67, 27, 8, DEFAULT), (68, 39, 13, DEFAULT), (69, 18, 13, DEFAULT), (70, 22, 13, DEFAULT), (71, 4, 13, DEFAULT), (72, 17, 13, DEFAULT), (73, 32, 13, DEFAULT), (74, 30, 13, DEFAULT), (75, 46, 13, DEFAULT), (76, 9, 13, DEFAULT), (77, 3, 13, DEFAULT), (78, 2, 13, DEFAULT), (79, 8, 13, DEFAULT), (80, 2, 13, DEFAULT), (81, 36, 13, DEFAULT), (82, 25, 13, DEFAULT), (83, 44, 13, DEFAULT), (84, 48, 13, DEFAULT), (85, 19, 13, DEFAULT), (86, 8, 13, DEFAULT), (87, 31, 13, DEFAULT), (88, 43, 13, DEFAULT), (89, 45, 13, DEFAULT), (90, 45, 13, DEFAULT), (91, 3, 13, DEFAULT), (92, 25, 13, DEFAULT), (93, 22, 13, DEFAULT), (94, 25, 13, DEFAULT), (95, 38, 13, DEFAULT), (96, 4, 13, DEFAULT), (97, 32, 13, DEFAULT), (98, 13, 13, DEFAULT), (99, 7, 13, DEFAULT), (100, 1, 13, DEFAULT), (101, 48, 13, DEFAULT), (102, 27, 13, DEFAULT), (103, 7, 13, DEFAULT), (104, 21, 13, DEFAULT), (105, 38, 13, DEFAULT), (106, 19, 13, DEFAULT), (107, 13, 13, DEFAULT), (108, 48, 13, DEFAULT), (109, 22, 13, DEFAULT), (110, 23, 13, DEFAULT), (111, 15, 13, DEFAULT), (112, 7, 13, DEFAULT), (113, 38, 13, DEFAULT), (114, 15, 13, DEFAULT), (115, 17, 13, DEFAULT), (116, 49, 13, DEFAULT), (117, 8, 13, DEFAULT), (118, 28, 13, DEFAULT), (119, 41, 3, DEFAULT), (120, 25, 3, DEFAULT), (121, 35, 3, DEFAULT), (122, 43, 3, DEFAULT), (123, 3, 17, DEFAULT), (124, 999, 17, DEFAULT), (125, 18, 17, DEFAULT), (126, 19, 17, DEFAULT), (127, 24, 17, DEFAULT), (128, 3, 17, DEFAULT), (129, 44, 17, DEFAULT), (130, 1, 17, DEFAULT), (131, 40, 17, DEFAULT), (132, 2, 17, DEFAULT), (133, 39, 17, DEFAULT), (134, 6, 17, DEFAULT), (135, 33, 17, DEFAULT), (136, 7, 17, DEFAULT), (137, 49, 17, DEFAULT), (138, 8, 17, DEFAULT), (139, 32, 17, DEFAULT), (140, 25, 17, DEFAULT), (141, 37, 17, DEFAULT), (142, 34, 17, DEFAULT), (143, 43, 17, DEFAULT), (144, 39, 17, DEFAULT), (145, 1, 17, DEFAULT), (146, 21, 17, DEFAULT), (147, 3, 17, DEFAULT), (148, 18, 17, DEFAULT), (149, 45, 17, DEFAULT), (150, 20, 7, DEFAULT), (151, 2, 2, DEFAULT), (152, 40, 2, DEFAULT), (153, 42, 2, DEFAULT), (154, 19, 2, DEFAULT), (155, 27, 2, DEFAULT), (156, 24, 2, DEFAULT), (157, 32, 2, DEFAULT), (158, 11, 2, DEFAULT), (159, 30, 2, DEFAULT), (160, 21, 2, DEFAULT), (161, 22, 2, DEFAULT), (162, 20, 2, DEFAULT), (163, 44, 2, DEFAULT), (164, 22, 2, DEFAULT), (165, 25, 2, DEFAULT);
SELECT setval('"public"."enrollment_id_seq"'::regclass, (SELECT MAX("id") FROM "public"."enrollment"));
