INSERT INTO public.course (id, code, name, created_at)
VALUES (1, 'FLOR101', 'จัดดอกไม้เพื่ออาชีพ', DEFAULT),
  (
    2,
    'BVRG101',
    'เครื่องดื่มและเครื่องดื่มเพื่อสุขภาพ',
    DEFAULT
  ),
  (3, 'BAKE101', 'ขนมอบ', DEFAULT),
  (4, 'THAI101', 'อาหารไทย ห้อง 1', DEFAULT),
  (
    5,
    'BEAU101',
    'แต่งหน้า-เกล้าผม-แต่งเล็บ',
    DEFAULT
  ),
  (
    6,
    'FLOR102',
    'ศิลปะการจัดดอกไม้ FLORISTRY',
    DEFAULT
  ),
  (7, 'BARI101', 'บาริสต้าเบื้องต้น', DEFAULT),
  (8, 'PET101', 'การตัดแต่งขนสุนัข', DEFAULT),
  (9, 'INTL101', 'อาหารนานาชาติ', DEFAULT),
  (10, 'DESS101', 'ขนมไทย', DEFAULT),
  (
    11,
    'WEB101',
    'อินเตอร์เน็ตและการสร้างเว็บไซต์',
    DEFAULT
  ),
  (
    12,
    'CGAN101',
    'คอมพิวเตอร์กราฟิกและแอนิเมชั่น',
    DEFAULT
  ),
  (
    13,
    'MOBI101',
    'การใช้งานโมบายเทคโนโลยี',
    DEFAULT
  ),
  (
    14,
    'ENG101',
    'ภาษาอังกฤษในชีวิตประจำวัน',
    DEFAULT
  ),
  (
    15,
    'KOR101',
    'ภาษาเกาหลีในงานธุรกิจบริการ',
    DEFAULT
  ),
  (
    16,
    'CHIN101',
    'ภาษาจีนเพื่อการสื่อสารในชีวิตประจำวัน',
    DEFAULT
  ),
  (
    17,
    'ECOM101',
    'อินเตอร์เน็ตสำหรับงานอีคอมเมิร์ช',
    DEFAULT
  ),
  (
    18,
    'ENG102',
    'ภาษาอังกฤษในงานธุรกิจบริการ',
    DEFAULT
  ),
  (
    19,
    'KOR102',
    'ภาษาเกาหลีเพื่อการสื่อสาร',
    DEFAULT
  ),
  (
    20,
    'CHIN102',
    'ภาษาจีนเพื่อการสื่อสารในงานอาชีพ',
    DEFAULT
  );
SELECT setval(
    '"public"."course_id_seq"'::regclass,
    (
      SELECT MAX("id")
      FROM "public"."course"
    )
  );
INSERT INTO public.student (id, first_name, last_name, gender, created_at, gov_id)
VALUES (1, 'พาดีฮะ', 'วงศา', 'M', DEFAULT, '66883908742'),
  (
    2,
    'กาญจนาภรณ์',
    'เทิบสีสุก',
    'F',
    DEFAULT,
    '14303705177'
  ),
  (
    3,
    'วิเชษฐ์',
    'แขจันทึก',
    'M',
    DEFAULT,
    '94043341702'
  ),
  (
    4,
    'วินิจ',
    'เพื่อนรักษ์-บางพิมาย',
    'M',
    DEFAULT,
    '49307939755'
  ),
  (
    5,
    'จิรศักดิ์',
    'บางนอก',
    'F',
    DEFAULT,
    '21142573322'
  ),
  (
    6,
    'นันทิกานต์',
    'ดำใส',
    'F',
    DEFAULT,
    '02832973295'
  ),
  (
    7,
    'เจตพล',
    'สมุทบาล',
    'M',
    DEFAULT,
    '84354820546'
  ),
  (
    8,
    'ภัทรกร',
    'หนอกกระโทก',
    'F',
    DEFAULT,
    '86386886287'
  ),
  (
    9,
    'นริศรา',
    'มณีค้างพลู',
    'M',
    DEFAULT,
    '34712736466'
  ),
  (
    10,
    'ปิยธิดา',
    'เจียวจันทึก',
    'M',
    DEFAULT,
    '29427907223'
  ),
  (
    11,
    'ภัทราวุฒิ',
    'เกตุจันทึก',
    'M',
    DEFAULT,
    '55219614570'
  ),
  (
    12,
    'อรณิชา',
    'เจษฎางกูร',
    'F',
    DEFAULT,
    '01866363711'
  ),
  (
    13,
    'อันธิกา',
    'วงศา',
    'F',
    DEFAULT,
    '13928045227'
  ),
  (
    14,
    'อัลวีณา',
    'รอดแก้ว',
    'F',
    DEFAULT,
    '55900478775'
  ),
  (
    15,
    'สุทธิวรรณ',
    'บางกระโทก',
    'M',
    DEFAULT,
    '21335242490'
  ),
  (
    16,
    'กานต์ธนิต',
    'เกิดจันทึก-เกตุจันทึก',
    'F',
    DEFAULT,
    '71767595939'
  ),
  (
    17,
    'เปี่ยมโกมล',
    'งามจันทึก',
    'M',
    DEFAULT,
    '76569438705'
  ),
  (
    18,
    'เบญจมาภรณ์',
    'แซ่ลิ้ม',
    'M',
    DEFAULT,
    '67766567439'
  ),
  (
    19,
    'บุศญารัตน์',
    'มนตรีกุล',
    'M',
    DEFAULT,
    '24897421903'
  ),
  (
    20,
    'อัลวีณา',
    'หยูด้วง',
    'F',
    DEFAULT,
    '89890508552'
  ),
  (
    21,
    'รุ่งทิวา',
    'วงศ์ค้างพลู',
    'F',
    DEFAULT,
    '63373773934'
  ),
  (
    22,
    'เดโนาย',
    'เกตุพิมาย',
    'F',
    DEFAULT,
    '33223276274'
  ),
  (
    23,
    'ลักษิกา',
    'สมศักดิ์',
    'F',
    DEFAULT,
    '47270883099'
  ),
  (
    24,
    'สุริยา',
    'สมศักดิ์',
    'M',
    DEFAULT,
    '42133961899'
  ),
  (
    25,
    'จีฮาน',
    'สมุทบาล',
    'M',
    DEFAULT,
    '96718424539'
  ),
  (
    26,
    'ปิยภัทร',
    'พลจรัส',
    'F',
    DEFAULT,
    '82977879611'
  ),
  (
    27,
    'เกศราภรณ์',
    'แซ่หลี่',
    'F',
    DEFAULT,
    '18989835531'
  ),
  (
    28,
    'ซูฟยัน',
    'วงศ์กระโทก',
    'F',
    DEFAULT,
    '90162234728'
  ),
  (
    29,
    'เพชรรัตน์',
    'นรินทรางกูร',
    'M',
    DEFAULT,
    '32076383888'
  ),
  (
    30,
    'สมโชค',
    'เทิบจันทึก',
    'M',
    DEFAULT,
    '17379542179'
  ),
  (
    31,
    'เลื่อน',
    'สมศักดิ์',
    'F',
    DEFAULT,
    '09984869512'
  ),
  (
    32,
    'จันทนิภา',
    'เจียวค้างพลู',
    'M',
    DEFAULT,
    '22616014900'
  ),
  (
    33,
    'อรุณชัย',
    'งามสีสุก',
    'F',
    DEFAULT,
    '90673566890'
  ),
  (
    34,
    'เพ็ญทิพย์',
    'นาคสวัสดิ์',
    'F',
    DEFAULT,
    '44363917785'
  ),
  (
    35,
    'เอกวัฒน์',
    'บางกระโทก',
    'M',
    DEFAULT,
    '44810552221'
  ),
  (
    36,
    'กิิตติกร',
    'เกตุสีสุก',
    'F',
    DEFAULT,
    '58395210641'
  ),
  (
    37,
    'ณรงค์พร',
    'เทิบกระโทก',
    'M',
    DEFAULT,
    '59012828195'
  ),
  (
    38,
    'ปพนสรรค์',
    'อิศรางกูร-มณีจันทึก',
    'M',
    DEFAULT,
    '36077931037'
  ),
  (
    39,
    'มณฑิตา',
    'สุจริตกุล',
    'F',
    DEFAULT,
    '35791131447'
  ),
  (
    40,
    'ฮานาน',
    'วัชโรทัย',
    'F',
    DEFAULT,
    '99028856588'
  ),
  (
    41,
    'สโรชา',
    'หยูด้วง',
    'F',
    DEFAULT,
    '95727685135'
  ),
  (
    42,
    'วิมลทิพย์',
    'สุจริตกุล',
    'M',
    DEFAULT,
    '74360448898'
  ),
  (
    43,
    'กุลภัสสรณ์',
    'เทพหัสดิน',
    'F',
    DEFAULT,
    '21220767509'
  ),
  (
    44,
    'จุฑาพัตธน์',
    'ปราบพล',
    'M',
    DEFAULT,
    '22090490507'
  ),
  (
    45,
    'สันชัย',
    'สมตระกูล',
    'F',
    DEFAULT,
    '01447242156'
  ),
  (
    46,
    'สรัลรัตน์',
    'หนอกสีสุก',
    'M',
    DEFAULT,
    '06140314311'
  ),
  (
    47,
    'สมคิด',
    'ปราบพล',
    'M',
    DEFAULT,
    '43177778464'
  ),
  (
    48,
    'สุภาภรณ์',
    'ณ ป้อมเพชร',
    'F',
    DEFAULT,
    '03443085031'
  ),
  (
    49,
    'สุทธิดา',
    'แขสีสุก',
    'M',
    DEFAULT,
    '37876728015'
  ),
  (
    50,
    'ภัททิรา',
    'นาคสวัสดิ์',
    'F',
    DEFAULT,
    '29329523772'
  );
SELECT setval(
    '"public"."student_id_seq"'::regclass,
    (
      SELECT MAX("id")
      FROM "public"."student"
    )
  );
INSERT INTO public.enrollment (id, student_id, course_id, enrollment_date)
VALUES (1, 19, 20, DEFAULT),
  (2, 2, 7, DEFAULT),
  (3, 18, 10, DEFAULT),
  (4, 7, 10, DEFAULT),
  (5, 43, 20, DEFAULT),
  (6, 6, 9, DEFAULT),
  (7, 32, 11, DEFAULT),
  (8, 27, 7, DEFAULT),
  (9, 3, 15, DEFAULT),
  (10, 11, 13, DEFAULT),
  (11, 19, 9, DEFAULT),
  (12, 33, 7, DEFAULT),
  (13, 13, 16, DEFAULT),
  (14, 38, 10, DEFAULT),
  (15, 10, 17, DEFAULT),
  (16, 23, 6, DEFAULT),
  (17, 2, 15, DEFAULT),
  (18, 20, 5, DEFAULT),
  (19, 49, 18, DEFAULT),
  (20, 28, 2, DEFAULT),
  (21, 47, 16, DEFAULT),
  (22, 8, 20, DEFAULT),
  (23, 50, 15, DEFAULT),
  (24, 21, 10, DEFAULT),
  (25, 32, 8, DEFAULT),
  (26, 50, 16, DEFAULT),
  (27, 48, 18, DEFAULT),
  (28, 31, 12, DEFAULT),
  (29, 32, 9, DEFAULT),
  (30, 12, 3, DEFAULT),
  (31, 7, 6, DEFAULT),
  (32, 21, 12, DEFAULT),
  (33, 32, 13, DEFAULT),
  (34, 50, 9, DEFAULT),
  (35, 33, 16, DEFAULT),
  (36, 39, 9, DEFAULT),
  (37, 28, 19, DEFAULT),
  (38, 42, 17, DEFAULT),
  (39, 3, 2, DEFAULT),
  (40, 41, 2, DEFAULT),
  (41, 43, 1, DEFAULT),
  (42, 25, 16, DEFAULT),
  (43, 38, 16, DEFAULT),
  (44, 49, 13, DEFAULT),
  (45, 19, 20, DEFAULT),
  (46, 47, 9, DEFAULT),
  (47, 21, 17, DEFAULT),
  (48, 26, 18, DEFAULT),
  (49, 12, 12, DEFAULT),
  (50, 50, 10, DEFAULT);
SELECT setval(
    '"public"."enrollment_id_seq"'::regclass,
    (
      SELECT MAX("id")
      FROM "public"."enrollment"
    )
  );